"Identificação da Página","Nome da Página",Comentário,Data,"Alcance por público principal (18-24, F)","Alcance por público principal (45-54, M)","Alcance por público principal (35-44, F)","Alcance por público principal (65+, M)","Alcance por público principal (13-17, M)","Alcance por público principal (55-64, F)","Alcance por público principal (65+, F)","Alcance por público principal (13-17, F)","Alcance por público principal (25-34, M)","Alcance por público principal (25-34, F)","Alcance por público principal (35-44, M)","Alcance por público principal (18-24, M)","Alcance por público principal (45-54, F)","Alcance por público principal (55-64, M)","Curtidas por público principal (18-24, F)","Curtidas por público principal (45-54, M)","Curtidas por público principal (35-44, F)","Curtidas por público principal (65+, M)","Curtidas por público principal (13-17, M)","Curtidas por público principal (55-64, F)","Curtidas por público principal (65+, F)","Curtidas por público principal (13-17, F)","Curtidas por público principal (25-34, M)","Curtidas por público principal (25-34, F)","Curtidas por público principal (35-44, M)","Curtidas por público principal (18-24, M)","Curtidas por público principal (45-54, F)","Curtidas por público principal (55-64, M)","Engajamentos de usuário único","Ganhos estimados por Ao vivo (USD)","Ganhos estimados por Vídeo (USD)","Feedbacks negativos gerais","Feedbacks negativos únicos dos usuários","Feedbacks negativos únicos dos usuários: Denunciar como spam","Feedbacks negativos únicos dos usuários: Descurtir Página","Feedbacks negativos únicos dos usuários: Ocultar","Feedbacks negativos únicos dos usuários: Ocultar todos","Feedbacks negativos únicos dos usuários: Clique no botão ""X""","Feedbacks negativos gerais: Denunciar como spam","Feedbacks negativos gerais: Descurtir Página","Feedbacks negativos gerais: Ocultar","Feedbacks negativos gerais: Ocultar todos","Feedbacks negativos gerais: Clique no botão ""X""","Alcance por idioma (Kinyarwanda)","Alcance por idioma (Oromo)","Alcance por idioma (Croata)","Alcance por idioma (Búlgaro)","Alcance por idioma (Ucraniano)","Alcance por idioma (Japonês (Kansai no Japão))","Alcance por idioma (sn_ZW)","Alcance por idioma (Filipino)","Alcance por idioma (Catalão)","Alcance por idioma (Grego)","Alcance por idioma (Persa)","Alcance por idioma (Híndi)","Alcance por idioma (Azeri)","Alcance por idioma (Sinhala)","Alcance por idioma (Canarês)","Alcance por idioma (Romeno)","Alcance por idioma (Malaio)","Alcance por idioma (Vietnamita)","Alcance por idioma (Norueguês (Bokmal))","Alcance por idioma (Hebraico)","Alcance por idioma (Macedônio)","Alcance por idioma (Indonésio)","Alcance por idioma (Turco)","Alcance por idioma (Russo)","Alcance por idioma (Holandês)","Alcance por idioma (Espanhol (Espanha))","Alcance por idioma (Chinês simplificado (China))","Alcance por idioma (Somali)","Alcance por idioma (Coreano)","Alcance por idioma (Inglês (Reino Unido))","Alcance por idioma (Chinês tradicional (Hong Kong))","Alcance por idioma (Árabe)","Alcance por idioma (Chinês tradicional (Taiwan))","Alcance por idioma (Oriya)","Alcance por idioma (Africâner)","Alcance por idioma (Polonês)","Alcance por idioma (Leet)","Alcance por idioma (Português (Portugal))","Alcance por idioma (Alemão)","Alcance por idioma (Francês (França))","Alcance por idioma (Japonês)","Alcance por idioma (Português (Brasil))","Alcance por idioma (Bósnio)","Alcance por idioma (Inglês (EUA))","Alcance por idioma (Espanhol)","Alcance por idioma (Italiano)","Alcance por idioma (Finlandês)","Alcance por idioma (Burmese)","Curtidas por país (Guinea-Bissau)","Curtidas por país (United States)","Curtidas por país (Cambodia)","Curtidas por país (United Kingdom)","Curtidas por país (Algeria)","Curtidas por país (Peru)","Curtidas por país (Argentina)","Curtidas por país (Brazil)","Curtidas por país (Angola)","Curtidas por país (Bolivia)","Curtidas por país (Mozambique)","Curtidas por país (France)","Curtidas por país (Haiti)","Curtidas por país (Colombia)","Curtidas por país (China)","Curtidas por país (Italy)","Curtidas por país (Mexico)","Curtidas por país (Paraguay)","Curtidas por país (Malta)","Curtidas por país (South Africa)","Curtidas por país (Portugal)","Curtidas por país (Uruguay)","Curtidas por país (Belgium)","Curtidas por país (Myanmar)","Curtidas por país (Spain)","Alcance por país (Guam)","Alcance por país (Afghanistan)","Alcance por país (Rwanda)","Alcance por país (Senegal)","Alcance por país (Yemen)","Alcance por país (Syria)","Alcance por país (Bosnia and Herzegovina)","Alcance por país (Côte d'Ivoire)","Alcance por país (Myanmar)","Alcance por país (Suriname)","Alcance por país (Georgia)","Alcance por país (Azerbaijan)","Alcance por país (Croatia)","Alcance por país (Luxembourg)","Alcance por país (Burkina Faso)","Alcance por país (Zimbabwe)","Alcance por país (Bulgaria)","Alcance por país (El Salvador)","Alcance por país (Nigeria)","Alcance por país (Zambia)","Alcance por país (Ethiopia)","Alcance por país (Sao Tome and Principe)","Alcance por país (Democratic Republic of the Congo)","Alcance por país (Ukraine)","Alcance por país (Dominican Republic)","Alcance por país (Lesotho)","Alcance por país (Tanzania)","Alcance por país (Nepal)","Alcance por país (Cambodia)","Alcance por país (Timor-Leste)","Alcance por país (Philippines)","Alcance por país (Colombia)","Alcance por país (Malawi)","Alcance por país (Swaziland)","Alcance por país (Bolivia)","Alcance por país (Thailand)","Alcance por país (Puerto Rico)","Alcance por país (Costa Rica)","Alcance por país (Morocco)","Alcance por país (Qatar)","Alcance por país (Romania)","Alcance por país (Somalia)","Alcance por país (Peru)","Alcance por país (Tunisia)","Alcance por país (Gabon)","Alcance por país (Sudan)","Alcance por país (Poland)","Alcance por país (Vietnam)","Alcance por país (Taiwan)","Alcance por país (Pakistan)","Alcance por país (Cyprus)","Alcance por país (Namibia)","Alcance por país (Guinea-Bissau)","Alcance por país (Iran)","Alcance por país (South Korea)","Alcance por país (Israel)","Alcance por país (Macedonia)","Alcance por país (Ireland)","Alcance por país (United Kingdom)","Alcance por país (Indonesia)","Alcance por país (Belarus)","Alcance por país (Haiti)","Alcance por país (Denmark)","Alcance por país (Belgium)","Alcance por país (Germany)","Alcance por país (Netherlands)","Alcance por país (Turkey)","Alcance por país (Singapore)","Alcance por país (Australia)","Alcance por país (Sweden)","Alcance por país (Argentina)","Alcance por país (Kazakhstan)","Alcance por país (Saudi Arabia)","Alcance por país (Paraguay)","Alcance por país (Switzerland)","Alcance por país (Hong Kong)","Alcance por país (Egypt)","Alcance por país (United States)","Alcance por país (Canada)","Alcance por país (Kenya)","Alcance por país (Algeria)","Alcance por país (Cape Verde)","Alcance por país (Brazil)","Alcance por país (Angola)","Alcance por país (Mozambique)","Alcance por país (France)","Alcance por país (Mexico)","Alcance por país (Italy)","Alcance por país (South Africa)","Alcance por país (Japan)","Alcance por país (India)","Alcance por país (Portugal)","Alcance por país (Ecuador)","Curtidas por idioma (Chinês simplificado (China))","Curtidas por idioma (Espanhol (Espanha))","Curtidas por idioma (Bósnio)","Curtidas por idioma (Somali)","Curtidas por idioma (Inglês (EUA))","Curtidas por idioma (Inglês (Reino Unido))","Curtidas por idioma (Chinês tradicional (Hong Kong))","Curtidas por idioma (Finlandês)","Curtidas por idioma (Azeri)","Curtidas por idioma (Alemão)","Curtidas por idioma (Francês (França))","Curtidas por idioma (Português (Brasil))","Curtidas por idioma (Vietnamita)","Curtidas por idioma (Indonésio)","Curtidas por idioma (Espanhol)","Curtidas por idioma (Italiano)","Curtidas por idioma (Javanês)","Curtidas por idioma (Português (Portugal))"
437204840068250,"Cristiano Automóveis",,11/01/2022,116,220,367,46,9,52,25,8,755,431,591,188,150,93,462,837,1511,79,17,297,68,18,2067,1695,1860,584,773,283,362,0,0,0,0,0,0,0,0,0,0,0,0,0,0,,,,,,,,,,,,,,,,,,,,,,,,,,,,,,,,,,,,,,92,2,9,1,2936,1,33,5,1,1,,,3,1,1,1,1,1,10545,5,1,1,2,1,1,2,2,2,1,1,1,10,4,1,1,,,,,,,,,,,,,,,,,,,,,,,,,,,,,,,,,,,,,,,,,,,,,,,,,,,,,,,,,,,,,,,,,,,,,,,,,,,,,,,7,1,1,1,1,3038,1,13,1,1,1,3,1,1,1,,2,2,1,1,80,7,1,1,2,7,15,10098,3,2,33,5,1,329
437204840068250,"Cristiano Automóveis",,11/02/2022,632,1954,1183,560,34,776,408,30,3806,1350,3010,1926,967,1081,462,838,1511,80,17,297,68,18,2067,1695,1861,586,773,283,1787,0,0,2,2,0,0,1,1,0,0,0,1,1,0,,,,,,,,,,,,,,,,,,,,,,,,,1,6,2,1,2,11,2,1,1,1,1,1,1,470,12,31,,16987,2,213,23,4,1,,1,3,1,1,1,1,1,10549,5,1,1,2,1,1,2,2,2,1,1,1,10,4,1,1,,,,,,,,,,,,,,,,,,,,,,,,,,,,,,,,,,,,,,,,,,,,,,,,,,,,,,,,,,,,,,,,,,,2,1,1,1,1,1,6,1,1,2,1,1,23,8,,,,17673,7,19,2,,,6,1,,12,,2,2,1,1,81,7,1,1,2,7,15,10102,3,2,33,5,1,329
437204840068250,"Cristiano Automóveis",,11/03/2022,672,1903,1141,288,37,407,149,22,4245,1384,3313,2000,737,804,462,840,1509,80,17,297,68,18,2065,1696,1862,586,775,283,2068,0,0,2,2,0,0,0,2,0,0,0,0,2,0,,,,,,,,,,,,,,,,,,,1,1,1,1,1,1,,2,5,1,2,14,1,1,1,,,,,415,10,32,5,16433,1,202,29,4,,,1,3,1,1,1,1,1,10551,5,1,1,2,1,1,2,2,2,1,1,1,10,4,1,1,,,,,,,,,,,,,,,,,,,,,,,,,,,,,,,,,,,,,,,,,,,,,,,,,,,1,1,1,1,1,2,1,1,2,8,2,1,1,1,1,3,2,,,7,1,,10,,2,2,,,34,12,,1,,17004,2,13,5,1,,2,7,,30,,2,2,1,1,82,7,1,1,2,7,15,10103,3,2,33,5,1,329
437204840068250,"Cristiano Automóveis",,11/04/2022,459,1987,1016,300,23,335,120,22,3434,1062,3210,1505,653,868,462,841,1509,80,17,297,68,18,2064,1695,1864,587,776,283,1820,0,0,1,1,0,0,0,1,0,0,0,0,1,0,,,,,,,,,,,,,,,,,,2,,1,,1,1,,1,6,6,1,1,17,1,,2,,,1,,373,12,27,,14410,1,164,20,3,1,,1,3,1,1,1,1,1,10552,6,1,1,2,1,1,2,2,2,1,1,1,10,4,1,1,,,,,,,,,,,,,,,,,,,,,,,,,,,,,,,,,,,,,,,,,,,,,,,,1,3,1,,,,1,2,,,,1,4,,,,,,3,3,1,,1,,,3,,1,2,,1,18,6,,,,14958,4,5,5,,2,2,,,19,,2,2,1,1,82,7,1,1,2,7,15,10105,3,2,33,5,1,330
437204840068250,"Cristiano Automóveis",,11/05/2022,264,2654,999,660,4,651,337,4,3122,830,3417,1177,803,1544,462,841,1509,80,17,297,68,18,2064,1695,1865,588,776,282,1288,0,0,0,0,0,0,0,0,0,0,0,0,0,0,,,,,,,,,,,,,,,,,1,2,,1,,,,,,2,4,1,,4,,1,,,,,,381,7,24,,15962,,87,33,3,1,,1,3,1,1,1,1,1,10552,6,1,2,2,1,1,2,2,2,1,1,1,10,4,1,1,,,,,,,,,,,,,,,,,,,,,,,,,,,,,,,,,,,,,,,,,,,,,1,1,1,,,,,,,1,,,,,,1,,,,,,,,,,,,,,1,,,,,1,,,,,16496,,5,1,1,,1,,,2,,2,2,1,1,82,7,1,1,2,7,15,10105,3,2,33,5,1,331
437204840068250,"Cristiano Automóveis",,11/06/2022,481,3609,1656,821,1,985,387,1,4598,1304,5053,1733,1313,1905,463,842,1510,80,17,297,68,18,2067,1693,1865,588,777,282,2392,0,0,0,0,0,0,0,0,0,0,0,0,0,0,,,,,,,,,,,,,,,,,,4,,,,,,,,3,5,1,1,2,,1,1,,,,,564,14,34,1,23121,1,113,38,5,1,,1,3,1,1,1,1,1,10557,6,1,2,2,1,1,2,2,2,1,1,1,10,4,1,1,,,,,,,,,,,,,,,,,,,,,,,,,,,,,,,,,,,,,,,,,,,,,,,,,,,,,,1,,,,,,,,,,,,,,,,,,,,,1,,,,,,,,,23899,4,2,,,,,,,3,,2,2,1,1,82,7,1,1,2,7,15,10109,3,2,33,5,1,332
437204840068250,"Cristiano Automóveis",,11/07/2022,758,3031,2068,686,1,1122,420,1,5410,1855,4852,2208,1526,1623,463,841,1513,80,17,297,68,18,2068,1693,1868,589,777,282,2892,0,0,0,0,0,0,0,0,0,0,0,0,0,0,,,,,,,,,,,,,,,1,1,,1,,,,1,,1,1,1,7,1,1,4,1,3,2,,1,,,585,16,30,,24778,1,152,34,5,1,,1,3,1,1,1,1,1,10564,6,1,2,2,1,1,2,2,2,1,1,1,10,4,1,1,,,,,,,,,,,,,,,,,,,,,,,,,,,,,,,,,,,,,,,,,,1,1,1,,,,,,,,,3,1,,,,,,,,,,,,,,,,1,,,,,,,,,,,,,,25601,4,12,1,,,1,,,,,2,2,1,1,82,7,1,1,2,7,15,10116,3,2,33,5,1,332
437204840068250,"Cristiano Automóveis",,11/08/2022,459,1740,1248,457,4,703,313,3,3169,1123,2644,1335,928,976,462,842,1515,80,17,297,68,18,2066,1692,1868,589,777,282,1234,0,0,0,0,0,0,0,0,0,0,0,0,0,0,,,,,,,,,,,,,,,,,,,,,,,,,,2,3,,,1,1,1,2,,,,,371,7,25,1,14633,,85,19,1,,,1,3,1,1,1,1,1,10563,7,1,2,2,1,1,2,2,2,1,1,1,10,4,1,1,,,,,,,,,,,,,,,,,,,,,,,,,,,,,,,,,,,,,,,,,,,,,,,,,,,,,,,,,,,,,,,,,,,,,,,,,,,,,,,,,,,,15139,4,6,1,,,,,,2,,2,2,1,1,82,7,1,1,2,7,15,10116,3,2,33,5,1,331
437204840068250,"Cristiano Automóveis",,11/09/2022,195,850,495,114,4,171,77,2,1905,552,1558,743,296,384,462,844,1514,80,17,297,68,18,2067,1693,1869,589,779,282,904,0,0,0,0,0,0,0,0,0,0,0,0,0,0,,,,,,,,,,,,,,,,,,1,,,,1,,,1,1,3,1,,3,,,1,,1,,,148,3,11,,7145,1,47,15,,1,,1,3,1,1,1,1,1,10569,7,1,2,2,1,1,2,2,2,1,1,1,10,4,1,1,,,,,,,,,,,,,,,,,,,,,,,,,,,,,,,,,,,,,,,1,1,1,,,,,,,,,,,,,,,,,,,,,,,,,,,,,,,,,,1,,,,1,,,,,7373,1,1,1,1,,,,,,,2,2,1,1,82,7,1,1,2,7,15,10122,3,2,33,5,1,332
437204840068250,"Cristiano Automóveis",,11/10/2022,264,1402,711,191,5,258,93,1,3503,802,2485,1461,493,576,461,844,1514,80,17,296,69,18,2065,1695,1870,589,779,283,1799,0,0,0,0,0,0,0,0,0,0,0,0,0,0,,,,,,,,,,,,,,,,,,,,,,,,,,2,5,1,,,2,,1,,1,,,276,6,18,,11894,,85,14,2,,,1,3,1,1,1,1,1,10570,7,1,2,2,1,1,2,2,2,1,1,1,10,4,1,1,,,,,,,,,,,,,,,,,,,,,,,,,,,,,,,,,,,,,,,,,,,,,,,,,,,,,,2,,,,,,,,,,,,,,,,,,,,,,,,,1,,,,,12299,2,1,,,,1,,,1,,2,2,1,1,82,7,1,1,2,7,15,10123,3,2,33,5,1,332
437204840068250,"Cristiano Automóveis",,11/11/2022,294,1310,845,220,3,330,111,3,3509,912,2457,1478,546,560,461,844,1514,80,17,296,69,18,2066,1697,1870,588,781,283,1452,0,0,0,0,0,0,0,0,0,0,0,0,0,0,,,,,,,,,,,,,,1,,,,,,,,,,,,1,5,,,2,2,1,1,,,,,322,6,18,,12182,,79,18,3,1,,1,3,1,1,1,1,1,10574,7,1,2,2,1,1,2,2,2,1,1,1,10,4,1,1,,,,,,,,,,,,,,,,,,,,,,,,,,,,,,,,,,,,,,,,,,,,,,,,,,,,,,,,,,,,1,,,,,,,,,,,,,,,,,,,,,,,,12626,1,6,1,2,,1,,,1,,2,2,1,1,82,7,1,1,2,7,15,10127,3,2,33,5,1,332
437204840068250,"Cristiano Automóveis",,11/12/2022,254,870,650,147,1,232,88,2,2089,638,1635,818,379,387,461,845,1515,80,18,297,69,18,2068,1695,1870,585,780,282,831,0,0,0,0,0,0,0,0,0,0,0,0,0,0,,,,,,,,,,,,,1,,,,,,,,,,,,,3,4,,,1,,,1,,,,,190,8,6,,7954,,54,12,2,1,,1,3,1,1,1,1,1,10573,8,1,2,2,1,1,2,2,2,1,1,1,10,4,1,1,,,,,,,,,,,,,,,,,,,,,,,,,,,,,,,,,,,,,,1,,,,,,,,,,,,,,,,,,,,,,,,,,,,,,,,,,,,,,,,,,,,,,8231,1,2,1,,,,,,1,,2,2,1,1,82,7,1,1,2,7,15,10126,3,2,33,5,1,332
437204840068250,"Cristiano Automóveis",,11/13/2022,270,1223,690,151,5,182,59,4,2806,717,2246,1094,339,437,461,845,1516,80,18,297,69,18,2068,1696,1870,585,780,282,1193,0,0,0,0,0,0,0,0,0,0,0,0,0,0,,,,,,,,,,,,,,,,,,2,,,,,,,,1,2,1,,1,,,2,,,,,231,6,10,1,9913,,64,22,4,,,1,3,1,1,1,1,1,10575,8,1,2,2,1,1,2,2,2,1,1,1,10,4,1,1,,,,,,,,,,,,,,,,,,,,,,,,,,,,,,,,,,,,,,,1,,,,,,,,,,,1,,,,,,,,,,,,,,,,,,,,,,,,,,,,,1,,,,,10244,2,5,,2,,,,,,,2,2,1,1,82,7,1,1,2,7,15,10127,3,2,33,5,1,333
437204840068250,"Cristiano Automóveis",,11/14/2022,217,973,616,135,6,134,37,7,2535,686,2011,949,301,351,460,845,1516,80,18,297,69,18,2067,1698,1872,585,781,282,1001,0,0,0,0,0,0,0,0,0,0,0,0,0,0,,,,,,,,,,,,1,,,,,,2,,,,1,,,,1,5,1,,1,1,1,1,,,,,213,4,11,1,8696,,61,10,1,,,1,3,1,1,1,1,1,10577,8,1,3,2,1,1,2,2,2,1,1,1,10,4,1,1,,,,,,,,,,,,,,,,,,,,,,,,,,,,,,,,,,,,,,,,,,,,,,,,,,,,,,,,,,,,,,,,,,1,,,,,,,,,,,,,,,,1,,8997,1,7,1,,,,,,,,2,2,1,1,82,7,1,1,2,7,15,10129,3,2,33,5,1,334
437204840068250,"Cristiano Automóveis",,11/15/2022,84,173,268,31,8,35,22,5,528,324,441,145,114,65,459,845,1516,80,18,297,69,19,2066,1699,1873,585,781,282,398,0,0,0,0,0,0,0,0,0,0,0,0,0,0,,,,,,,,,,,1,,,,,,,,,,,,,,,,1,,,3,,,1,,,,,60,1,1,,2189,,21,1,1,,,1,3,1,1,1,1,1,10577,8,1,4,2,1,1,2,2,2,1,1,1,10,4,1,1,,,,,,,,,,,,,,,,,,,,,,,,,,,,,,,,,,,,,1,,,,,,,,,,,,,,,,,,,,,,,1,,,,,,1,,1,,1,,,,,,,,,1,,,,,2252,1,9,1,,,,,1,1,,2,2,1,1,82,7,1,1,2,7,15,10129,3,2,33,5,1,335
437204840068250,"Cristiano Automóveis",,11/16/2022,282,1702,837,253,4,332,113,4,3413,822,2898,1301,578,698,456,847,1517,80,18,297,69,19,2064,1704,1873,585,782,282,1902,0,0,0,0,0,0,0,0,0,0,0,0,0,0,,,,,,,,,,,,,,,,,,,,,,,,,,,2,1,,2,1,1,1,,,,,339,7,14,,12826,,83,16,2,,,1,3,1,1,1,1,1,10581,8,1,5,2,1,1,2,2,2,1,1,1,10,4,1,1,,,,,,,,,,,,,,,,,,,,,,,,,,,,,,,,,,,,,,,,,,,,,,,,,,,,,,,,,,,,,,,,,,,,,,,,,,,,,,,,,,,,13274,1,13,1,,,,,,1,,2,2,1,1,82,7,1,1,2,7,15,10132,3,2,33,5,1,337
437204840068250,"Cristiano Automóveis",,11/17/2022,403,2213,1368,296,8,386,109,9,4310,1363,3933,1560,754,924,455,847,1517,81,18,297,69,19,2065,1704,1873,585,783,281,1823,0,0,0,0,0,0,0,0,0,0,0,0,0,0,,,,,,,,,,,,,,,,,,1,,,,1,,,,3,5,1,,1,1,1,1,,1,,,438,8,28,,17072,,104,32,3,1,,1,3,1,1,1,1,1,10582,8,1,5,2,1,1,2,2,2,1,1,1,10,4,1,1,,,,,,,,,,,,,,,,,,,,,,,,,,,,,,,,,,,,1,,,,,,,,,,,,,,,,,,1,,,,,,,,,,,,,,,,,,,,,,,,,,,,1,1,17672,3,10,1,1,,,,,6,,2,2,1,1,82,7,1,1,2,7,15,10132,3,2,33,5,1,338
437204840068250,"Cristiano Automóveis",,11/18/2022,87,274,300,29,5,49,14,4,676,346,584,210,139,78,455,847,1517,81,18,298,69,19,2064,1704,1874,586,782,281,243,0,0,0,0,0,0,0,0,0,0,0,0,0,0,,,,,,,,,,,,,,,,,,,,,,,,,,1,1,,,,,1,,,,,,65,2,2,,2740,1,25,3,,,,1,3,1,1,1,1,1,10583,8,1,5,2,1,1,2,2,2,1,1,1,10,4,1,1,,,,,,,,,,,,,,,,,,,,,,,,,,,,,,,,,,,,,,,,,,,,1,,,1,,,,,,,,,,,,,,,,,,,,,,,,,,,,,,,,1,,,,,2824,1,7,1,1,,,,1,2,,2,2,1,1,82,7,1,1,2,7,16,10132,3,2,33,5,1,338
437204840068250,"Cristiano Automóveis",,11/19/2022,155,587,372,97,5,132,42,3,1391,412,1056,689,235,253,455,847,1518,81,18,298,69,19,2065,1703,1875,585,782,281,682,0,0,0,0,0,0,0,0,0,0,0,0,0,0,,,,,,,,,,,,,,,,,,,,,,,1,,,1,1,1,,,,,2,,,,,120,,7,1,5289,1,31,11,1,,,1,3,1,1,1,1,1,10584,8,1,5,2,1,1,2,2,2,1,1,1,10,4,1,1,,,,,,,,,,,,,,,,,,,,,,,,,,,,,,,,,,,,,,,,,,,,,,,,,,,,,,,,,,,,,,,,,,,,,,,,,,,,,,,,,,,,5451,,9,1,2,,1,,,1,,2,2,1,1,82,7,1,1,2,7,16,10134,3,2,33,5,1,337
437204840068250,"Cristiano Automóveis",,11/20/2022,601,2977,1448,526,5,859,309,,6327,1411,4797,3149,1190,1399,455,847,1519,81,18,298,69,19,2065,1704,1877,586,782,281,3041,0,0,0,0,0,0,0,0,0,0,0,0,0,0,,,,,,,,,,1,,,,,,,,1,,,,,,,,6,5,1,1,5,,1,3,,1,,,605,18,33,1,24178,,168,37,8,1,,1,3,1,1,1,1,1,10588,8,1,5,2,1,1,2,2,2,1,1,1,10,4,1,1,1,,,,,,,,,,,,,,,,,,,,,,,,,,,,,,,,,,,,,,,,,,,,,,,,,,,,,,,,,,,,,,,,,,,,,,,,,,,,,,,,,,,25068,2,3,1,,,,,,1,,2,2,1,1,82,7,1,1,2,7,16,10139,3,2,33,5,1,337
437204840068250,"Cristiano Automóveis",,11/21/2022,794,3958,1866,715,12,1041,433,18,7900,1878,6251,3870,1422,1848,455,847,1518,81,18,297,71,19,2064,1705,1879,587,784,281,3041,0,0,0,0,0,0,0,0,0,0,0,0,0,0,,,,,,,,,1,,,,,,,,,2,,1,,1,1,,,10,9,1,1,8,1,1,2,,2,,,946,25,58,2,30741,,225,48,8,,,1,3,1,1,1,1,1,10593,8,1,5,2,1,1,2,2,2,1,1,1,10,4,1,1,1,,,,,,,,,,,,,,,,,,,,,,,,,,,,,1,1,1,1,1,1,,,,,,,,,,,,,,,,,,,1,,,,,,,,,1,,,,,,,,,,,,,,,,,,,,1,31919,15,115,1,1,,16,,,3,,2,2,1,1,82,7,1,1,2,7,16,10144,3,2,33,5,1,337
437204840068250,"Cristiano Automóveis",,11/22/2022,513,1436,846,272,113,327,143,112,3371,1003,2347,1773,584,646,455,848,1519,81,18,297,71,19,2065,1704,1880,587,784,281,964,0,0,0,0,0,0,0,0,0,0,0,0,0,0,,,,,1,1,1,1,,,1,,,,,1,,2,,,,1,1,,,4,4,2,,21,1,3,2,,2,,,1323,9,25,2,11907,,193,28,3,,,1,3,1,1,1,1,1,10596,8,1,5,2,1,1,2,2,2,1,1,1,10,4,1,1,1,,,,,,,,,,,,,,,,,,,1,1,4,4,2,1,1,2,1,1,,1,2,1,3,3,,,,,,,,,,,,,,,,,,4,12,,,,,,,,,,,,,,1,,,,,,,,,,,1,,1,,3,12250,126,829,1,1,,130,2,,2,,2,2,1,1,81,7,1,1,2,7,16,10148,3,2,33,5,1,337
437204840068250,"Cristiano Automóveis",,11/23/2022,192,221,323,39,78,62,26,48,611,395,527,247,164,89,454,849,1519,81,18,297,71,19,2065,1705,1880,587,784,281,192,0,0,0,0,0,0,0,0,0,0,0,0,0,0,,,,1,,,,,,,,,,,,1,,1,,,,1,,,,1,,,,12,,,,,1,,,513,4,4,,2451,,64,9,1,,,1,3,1,1,1,1,1,10597,8,1,5,2,1,1,2,2,2,1,1,1,10,4,1,1,1,,,,,,,,,,,,,,,,2,1,1,2,,,1,,,,,,,,1,,,1,,,,,,1,,,,,,,,,1,,,,1,3,,,,,,,,,,,,,,,,,,,,,,,,,,,,,2,2481,46,394,1,,1,57,1,,4,,2,2,1,1,81,7,1,1,2,7,16,10149,3,2,33,5,1,337
437204840068250,"Cristiano Automóveis",,11/24/2022,250,1139,645,180,41,226,90,27,1865,632,1818,726,435,485,454,849,1519,81,18,297,71,19,2065,1705,1881,587,784,281,920,0,0,0,0,0,0,0,0,0,0,0,0,0,0,,,1,1,,,,,,,1,,,,,2,,1,,,,,1,,,4,2,,,5,,,1,,,,,374,8,10,1,8082,,88,16,2,1,,1,3,1,1,1,1,1,10598,8,1,5,2,1,1,2,2,2,1,1,1,10,4,1,1,1,,,,,,,,,,,1,1,1,1,1,,1,,,,,,,,,,,,,,,,1,1,,,,,,,2,,,,,,,,,,1,,,2,,,,,,,,,,,,,,,,,2,,,3,,,,2,1,,,2,8342,7,180,1,,1,31,1,,3,,2,2,1,1,81,7,1,1,2,7,16,10150,3,2,33,5,1,337
437204840068250,"Cristiano Automóveis",,11/25/2022,454,2120,1088,349,61,401,134,49,3789,1037,3358,1531,724,934,454,850,1519,81,18,297,71,19,2066,1706,1883,586,784,281,2022,0,0,0,0,0,0,0,0,0,0,0,0,0,0,,1,,,,,,,,,1,,,,,,,2,,,,,,1,,5,6,1,,8,,,,,,,,792,14,27,1,15053,,154,23,5,,,1,3,1,1,1,1,1,10602,8,1,5,2,1,1,2,2,2,1,1,1,10,4,1,1,1,,,,,,,,,,,,,,,,,,,,,,1,,,,1,,,,,,,2,,1,,,,,,,,,,,,,,,,,,2,1,,,,,,1,,,,,,,,,,,,,,,,,,1,,,,,15589,9,408,1,1,,44,,,,,2,2,1,1,81,7,1,1,2,7,16,10154,3,2,33,5,1,337
437204840068250,"Cristiano Automóveis",,11/26/2022,617,2672,1287,433,125,471,159,91,4837,1284,4099,2088,849,1141,454,850,1519,81,18,297,71,19,2067,1706,1884,586,784,281,1735,0,0,0,0,0,0,0,0,0,0,0,0,0,0,1,,1,,,,,,,,1,1,,,,,,,,,,3,,,,5,4,,,14,,3,1,,2,,,1321,16,25,,18558,,202,42,6,1,1,1,3,1,1,1,1,1,10604,8,1,5,2,1,1,2,2,2,1,1,1,10,4,1,1,1,,,,,,,1,1,2,1,,,,,,,,,2,,2,5,3,,,,,,,1,,,1,,,,,,,,,2,1,,,,,,,,,1,13,1,,,,,,2,,,,,,,,,,,2,,,4,1,,,3,,,,6,19132,62,781,,2,,56,,,6,,2,2,1,1,81,7,1,1,2,7,16,10156,3,2,33,5,1,337
437204840068250,"Cristiano Automóveis",,11/27/2022,207,140,220,32,111,40,25,97,357,265,311,317,138,68,454,851,1521,81,18,297,71,19,2066,1704,1882,586,784,281,62,0,0,0,0,0,0,0,0,0,0,0,0,0,0,1,,,,,,,,,,3,,1,,,,,,,,,1,,,,1,,,,8,,1,,,,,,775,3,7,,1471,,63,8,1,1,,1,3,1,1,1,1,1,10602,8,1,5,2,1,1,2,2,2,1,1,1,10,4,1,1,1,,,,1,1,1,,,,,,1,,,,1,,,1,2,1,3,,,,,,,,,,,3,,,,,,,,,,,,,,,,,,,,12,2,,,,,,,,,,,,,,,,,,,,2,1,,,,,,,5,1452,88,593,1,,,56,,1,3,,2,2,1,1,81,7,1,1,2,7,16,10154,3,2,33,5,1,337
437204840068250,"Cristiano Automóveis",,11/28/2022,253,194,337,40,119,55,25,76,565,442,481,356,178,80,453,851,1521,81,18,297,71,19,2066,1707,1882,587,784,280,127,0,0,0,0,0,0,0,0,0,0,0,0,0,0,1,,,,,,,,,,1,,,,,,,,,,,1,1,,,1,,3,,9,,,,,1,,,848,4,11,,2246,,85,13,1,1,,1,3,1,1,1,1,1,10604,8,1,5,2,1,1,2,2,2,1,1,1,10,4,1,1,1,1,1,1,,,,,,,,,,,,,,,,2,,2,2,1,,1,,,,,1,,,1,,,,,,,,,,,,,,,,,,,1,7,,,,,,,,,,,,1,,1,,,,,,1,1,,,,,,,,3,2218,67,725,,2,,72,,,1,1,2,2,1,1,81,7,1,1,2,7,16,10156,3,2,33,5,1,337
437204840068250,"Cristiano Automóveis",,11/29/2022,,,,,,,,,,,,,,,,,,,,,,,,,,,,,502,0,0,0,0,0,0,0,0,0,0,0,0,0,0,,,,,,,,,,,,,,,,,,,,,,,,,,,,,,,,,,,,,,,,,,,,,,,,,,,,,,,,,,,,,,,,,,,,,,,,,,,,,,,,,,,,,,,,,,,,,,,,,,,,,,,,,,,,,,,,,,,,,,,,,,,,,,,,,,,,,,,,,,,,,,,,,,,,,,,,,,,,,,,,,,,,,,,,,,,,,,,,,,,,,,,,
